<?xml version="1.0" encoding="UTF-8" standalone="yes"?>
<addon
  id="repository.moonlight.docker.addons"
  name="Moonlight's PVRBox Add-ons"
  version="1.1.1"
  provider-name="Moonlight, Based on linuxserver.io">
  <requires>
    <import addon="xbmc.addon" version="16.0.0"/>
  </requires>
  <extension point="xbmc.addon.repository"
             name="Moonlight's custom PVRBox addons">
    <info compressed="true">https://raw.githubusercontent.com/Moonlight63/libreelec-addons/master/addons.xml</info>
    <checksum>https://raw.githubusercontent.com/Moonlight63/libreelec-addons/master/addons.xml.md5</checksum>
    <datadir zip="true">https://raw.githubusercontent.com/Moonlight63/libreelec-addons/master/download</datadir>
  </extension>
  <extension point="xbmc.addon.metadata">
    <summary>A custom fork of LinuxServer.io's docker repository, plus some additional addons</summary>
    <description>
Download and install docker container add-ons from the LinuxServer.io repository. This is the extended repo.

Please visit https://linuxserver.io for more information.
    </description>
    <disclaimer> </disclaimer>
    <platform>all</platform>
  </extension>
</addon>
