<?xml version="1.0" encoding="UTF-8" standalone="yes"?>
<addon id="docker.linuxserver.bazarr"
       name="Bazarr (LinuxServer.io)"
       version="1.0.1"
       provider-name="Moonlight, Based on LinuxServer.io">
  <requires>
    <import addon="xbmc.python" version="3.0.0"/>
    <import addon="service.system.docker" version="0.0.0" />
  </requires>
  <extension point="xbmc.service" library="default.py">
    <provides></provides>
  </extension>
  <extension point="xbmc.addon.metadata">
    <summary>Bazarr in a docker container</summary>
    <description>
Bazarr is a companion application to Sonarr and Radarr. It manages and downloads subtitles based on your requirements. 

This is a docker container brought to you by the LinuxServer.io team.
Please visit https://linuxserver.io for more information.
    </description>
    <disclaimer>
    </disclaimer>
    <news>
docker.linuxserver.bazarr:
--------------------------

1.0.0
-Initial release
    </news>
    <platform>all</platform>
    <website>http://linuxserver.io/</website>
    <assets>
    </assets>
  </extension>
</addon>
