<?xml version="1.0" encoding="UTF-8" standalone="yes"?>
<addon id="docker.moonlight.htpc"
       name="HTPC (LinuxServer.io)"
       version="1.1.0"
       provider-name="Moonlight and LinuxServer.io">
  <requires>
    <import addon="service.system.docker" version="0.0.0" />
  </requires>
  <extension point="xbmc.service" library="default.py">
    <provides></provides>
  </extension>
  <extension point="xbmc.addon.metadata">
    <summary>Moonlight's HTPC PVR Docker stack</summary>
    <description>
A self hosted full stack of docker containers to build a self contained PVR system.

- QBittorrent /w VPN
- Prowlarr
- Sonarr
- Radarr
- Sonarr Scanner by uilton-oliveira
- Bazarr
- OverSeerr
- Ombi
- Plex

Combine with PlexKodiConnect and Embuary skin for a unified experience.

    </description>
    <disclaimer>
    </disclaimer>
    <news>
    </news>
    <platform>all</platform>
    <website>http://linuxserver.io/</website>
    <assets>
        <icon>icon.png</icon>
        <fanart>fanart.jpg</fanart>
    </assets>
  </extension>
</addon>
