<?xml version="1.0" encoding="UTF-8" standalone="yes"?>
<addon id="docker.linuxserver.transmission"
       name="Transmission (LinuxServer.io)"
       version="1.0.3"
       provider-name="LinuxServer.io">
  <requires>
    <import addon="xbmc.python" version="3.0.0"/>
    <import addon="service.system.docker" version="0.0.0" />
  </requires>
  <extension point="xbmc.service" library="default.py">
    <provides></provides>
  </extension>
  <extension point="xbmc.addon.metadata">
    <summary>Transmission in a docker container</summary>
    <description>
Transmission is designed for easy, powerful use. Transmission has the features you want from a BitTorrent client: encryption, a web interface, peer exchange, magnet links, DHT, µTP, UPnP and NAT-PMP port forwarding, webseed support, watch directories, tracker editing, global and per-torrent speed limits, and more. 

This is a docker container brought to you by the LinuxServer.io team.
Please visit https://linuxserver.io for more information.
    </description>
    <news>
docker.linuxserver.transmission:
--------------------------------

1.0.2
- Fix timezone bug

1.0.1
- Added aarch64 support

1.0.0
- Initial release
    </news>
    <disclaimer>
    </disclaimer>
    <platform>all</platform>
    <website>http://linuxserver.io/</website>
    <assets>
        <icon>icon.png</icon>
        <fanart>fanart.jpg</fanart>
    </assets>
  </extension>
</addon>
