<?xml version="1.0" encoding="UTF-8" standalone="yes"?>
<addon id="docker.linuxserver.sonarr"
       name="Sonarr (LinuxServer.io)"
       version="1.0.4"
       provider-name="LinuxServer.io">
  <requires>
    <import addon="os.libreelec.tv" version="7.0"/>
    <import addon="xbmc.python" version="2.1.0"/>
    <import addon="service.system.docker" version="0.0.0" />
    <import addon="script.kiosk.browser" version="0.0.0" />
  </requires>
  <extension point="xbmc.python.script" library="viewer.py">
    <provides>executable</provides>
  </extension>
  <extension point="xbmc.service" library="default.py">
    <provides></provides>
  </extension>
  <extension point="xbmc.addon.metadata">
    <summary>Sonarr in a docker container</summary>
    <description>
Sonarr (formerly NZBdrone) is a PVR for usenet and bittorrent users. It can monitor multiple RSS feeds for new episodes of your favorite shows and will grab, sort and rename them.

This is a docker container brought to you by the LinuxServer.io team.
Please visit https://linuxserver.io for more information.
    </description>
    <disclaimer>
    </disclaimer>
    <news>
docker.linuxserver.sonarr:
--------------------------

1.0.4
- Fix timezone bug

1.0.3
- Added aarch64 support

1.0.2
- Run as user nobody

1.0.1
- Unified addon for x86_64 and arm

1.0.0
-Initial release
    </news>
    <platform>all</platform>
    <website>http://linuxserver.io/</website>
    <assets>
        <icon>icon.png</icon>
        <fanart>fanart.jpg</fanart>
    </assets>
  </extension>
</addon>
