<?xml version="1.0" encoding="UTF-8" standalone="yes"?>
<addon id="docker.linuxserver.prowlarr"
       name="Prowlarr (LinuxServer.io)"
       version="1.0.1"
       provider-name="Moonlight, Based on LinuxServer.io">
  <requires>
    <import addon="xbmc.python" version="3.0.0"/>
    <import addon="service.system.docker" version="0.0.0" />
  </requires>
  <extension point="xbmc.service" library="default.py">
    <provides></provides>
  </extension>
  <extension point="xbmc.addon.metadata">
    <summary>Prowlarr in a docker container</summary>
    <description>
    </description>
    <disclaimer>
    </disclaimer>
    <news>
docker.linuxserver.prowlarr:
--------------------------

1.0.0
-Initial release
    </news>
    <platform>all</platform>
    <website>http://linuxserver.io/</website>
    <assets>
        <icon>icon.png</icon>
        <fanart>fanart.jpg</fanart>
    </assets>
  </extension>
</addon>
